{"cameraMode":{"drawMode":0,"name":"Shaded","section":"Shading Mode"},"sceneLighting":true,"audioPlay":false,"sceneViewState":{"showFog":true,"showMaterialUpdate":true,"showSkybox":true,"showFlares":true,"showImageEffects":true,"showParticleSystems":true},"in2DMode":false,"pivot":{"x":-1.4853792190551758,"y":-0.6393909454345703,"z":2.232786178588867},"rotation":{"x":-0.11058098077774048,"y":0.8653405904769898,"z":-0.218939870595932,"w":-0.4370616674423218},"size":8.7098388671875,"orthographic":false}